name,description,date,max_paticipants
1,Valli,Ekell,vekell0@utexas.edu
2,Yvette,Matfin,ymatfin1@creativecommons.org
3,Kari,Readshaw,kreadshaw2@reverbnation.com
4,Ivan,Poulsen,ipoulsen3@furl.net
5,Uri,Swenson,uswenson4@canalblog.com
6,Winfred,Boorer,wboorer5@networkadvertising.org
7,Kelsey,Terzza,kterzza6@studiopress.com
8,Pat,Searjeant,psearjeant7@ca.gov
9,Nicoline,Felce,nfelce8@tumblr.com
10,Hana,Manton,hmanton9@phoca.cz
11,Renell,Mein,rmeina@bloomberg.com
12,Juliane,McLae,jmclaeb@businesswire.com
13,Faye,Criple,fcriplec@scribd.com
14,Isacco,Dominetti,idominettid@wix.com
15,Nari,Meiner,nmeinere@goo.ne.jp
16,Warden,O'Noulane,wonoulanef@ucsd.edu
17,Kerby,Fagg,kfaggg@princeton.edu
18,Ax,Stollwerck,astollwerckh@123-reg.co.uk
19,Lorrayne,Sails,lsailsi@alexa.com
20,Urbain,Lyven,ulyvenj@ca.gov
21,Kelly,Canacott,kcanacottk@scribd.com
22,Hali,Semour,hsemourl@eventbrite.com
23,Deana,Snailham,dsnailhamm@admin.ch
24,Katharine,Joiner,kjoinern@tripadvisor.com
25,Doretta,Wheelan,dwheelano@aol.com
26,Alla,Gilchriest,agilchriestp@bloglines.com
27,Hillel,Richten,hrichtenq@e-recht24.de
28,Ellen,Gorthy,egorthyr@friendfeed.com
29,Che,Fowkes,cfowkess@gov.uk
30,Kerrie,Catley,kcatleyt@shutterfly.com
31,Letisha,Eddicott,leddicottu@smh.com.au
32,Delainey,Lunbech,dlunbechv@wp.com
33,Camellia,Karpe,ckarpew@dedecms.com
34,Charlton,Tollow,ctollowx@blogger.com
35,Burg,Dimitriou,bdimitriouy@github.com
36,Cathie,Kehir,ckehirz@soundcloud.com
37,Kipp,Baynom,kbaynom10@scribd.com
38,Emmy,Folker,efolker11@sfgate.com
39,Rutherford,Aspin,raspin12@hatena.ne.jp
40,Jacquelynn,Biddlestone,jbiddlestone13@oaic.gov.au
41,Cullin,MacGebenay,cmacgebenay14@instagram.com
42,Fairleigh,Scammonden,fscammonden15@canalblog.com
43,Neale,Fairney,nfairney16@tripod.com
44,Lonna,Mogford,lmogford17@ucla.edu
45,Carleen,Ugolotti,cugolotti18@wordpress.com
46,Rockie,Stadding,rstadding19@joomla.org
47,Tobiah,Pinchen,tpinchen1a@zdnet.com
48,Jaime,Langan,jlangan1b@harvard.edu
49,Efren,Clayworth,eclayworth1c@wired.com
50,Douglas,Chastanet,dchastanet1d@amazon.com
51,Timmie,Durek,tdurek1e@hp.com
52,Irwinn,Lowy,ilowy1f@storify.com
53,Anatol,Eddison,aeddison1g@gmpg.org
54,Rona,Harridge,rharridge1h@about.com
55,Tania,Ranby,tranby1i@qq.com
56,Maggee,Connock,mconnock1j@senate.gov
57,Ignazio,Paroni,iparoni1k@constantcontact.com
58,Hill,Vinden,hvinden1l@bloglovin.com
59,Herbie,Annice,hannice1m@harvard.edu
60,Bethina,Tardiff,btardiff1n@timesonline.co.uk
61,Delbert,Correa,dcorrea1o@ask.com
62,Aloin,Derdes,aderdes1p@mysql.com
63,Sabrina,Bee,sbee1q@google.cn
64,Doloritas,Boate,dboate1r@jalbum.net
65,Alva,Jochens,ajochens1s@google.ru
66,Manuel,Wartnaby,mwartnaby1t@eepurl.com
67,Cleavland,Astupenas,castupenas1u@shareasale.com
68,Opalina,Alwen,oalwen1v@go.com
69,Cordie,Timbrell,ctimbrell1w@skype.com
70,Peri,Giovannardi,pgiovannardi1x@aboutads.info
71,Renard,Geratt,rgeratt1y@washingtonpost.com
72,Caril,Durkin,cdurkin1z@aol.com
73,Germana,Colvie,gcolvie20@is.gd
74,Ryann,O'Carney,rocarney21@quantcast.com
75,Ole,Dyke,odyke22@usnews.com
76,Teresina,Lowe,tlowe23@vk.com
77,Gus,Avis,gavis24@dell.com
78,Raymond,Pettigrew,rpettigrew25@umich.edu
79,Aldwin,Sicha,asicha26@oaic.gov.au
80,Clair,Freeland,cfreeland27@php.net
81,Timi,Kohen,tkohen28@indiegogo.com
82,Geoffrey,Antoni,gantoni29@dedecms.com
83,Tammie,Linke,tlinke2a@samsung.com
84,Allyn,Haveline,ahaveline2b@symantec.com
85,Timi,Peppard,tpeppard2c@china.com.cn
86,Charla,Cafe,ccafe2d@sourceforge.net
87,Germaine,Mercer,gmercer2e@nydailynews.com
88,Dun,Antrim,dantrim2f@youku.com
89,Reeta,Dotterill,rdotterill2g@nationalgeographic.com
90,Friedrick,Sherrott,fsherrott2h@tamu.edu
91,Windy,Ponnsett,wponnsett2i@noaa.gov
92,Marilin,Spink,mspink2j@scientificamerican.com
93,Jacobo,Ripley,jripley2k@ted.com
94,Lethia,Walkling,lwalkling2l@bloglines.com
95,Maurise,Ledwich,mledwich2m@adobe.com
96,Karyn,Entissle,kentissle2n@blogger.com
97,Jania,Buttler,jbuttler2o@ameblo.jp
98,Tulley,Fronek,tfronek2p@miibeian.gov.cn
99,Merna,Billinge,mbillinge2q@themeforest.net
100,Carita,Grund,cgrund2r@yahoo.co.jp
101,Nico,Mewitt,nmewitt2s@about.me
102,Alfy,Yeardley,ayeardley2t@facebook.com
103,Sascha,Kenninghan,skenninghan2u@yolasite.com
104,Nike,Chestle,nchestle2v@mapy.cz
105,Anneliese,Shirlaw,ashirlaw2w@statcounter.com
106,Ewart,Ruck,eruck2x@wp.com
107,Wyn,Simmonds,wsimmonds2y@themeforest.net
108,Marcelia,Dysert,mdysert2z@usnews.com
109,Tilda,McColley,tmccolley30@pcworld.com
110,Pattin,Sinclar,psinclar31@fema.gov
111,Gabbi,Pettie,gpettie32@cornell.edu
112,Wallas,Fonquernie,wfonquernie33@google.ru
113,Domingo,Beldam,dbeldam34@sakura.ne.jp
114,Vidovic,Duker,vduker35@skyrock.com
115,Roze,Wrist,rwrist36@yellowbook.com
116,Trevor,Cunde,tcunde37@scientificamerican.com
117,Shelagh,Sitford,ssitford38@arstechnica.com
118,Clerc,Myford,cmyford39@prnewswire.com
119,Nevsa,Burdoun,nburdoun3a@ameblo.jp
120,Garrard,Hesey,ghesey3b@nytimes.com
121,Rene,Duplan,rduplan3c@hibu.com
122,Cece,Augur,caugur3d@state.gov
123,Quentin,Baxter,qbaxter3e@blinklist.com
124,Win,Riccardini,wriccardini3f@umn.edu
125,Filberte,Allderidge,fallderidge3g@gov.uk
126,Melisent,Bayston,mbayston3h@weebly.com
127,Ezra,Faber,efaber3i@nymag.com
128,Chrissy,Ludgate,cludgate3j@mozilla.org
129,Dud,Devoy,ddevoy3k@myspace.com
130,Roselin,Cahan,rcahan3l@ed.gov
131,Fedora,Gairdner,fgairdner3m@zimbio.com
132,Beatriz,McQuilliam,bmcquilliam3n@jiathis.com
133,Lesley,Byfford,lbyfford3o@oakley.com
134,Rolando,Beaston,rbeaston3p@biglobe.ne.jp
135,Lindsay,Morfield,lmorfield3q@reuters.com
136,Benjie,Boner,bboner3r@dot.gov
137,Guglielma,Griffen,ggriffen3s@nbcnews.com
138,Lusa,Arnell,larnell3t@artisteer.com
139,Emanuel,Murrock,emurrock3u@fotki.com
140,Corny,Itzkovwitch,citzkovwitch3v@zdnet.com
141,Kameko,Kensit,kkensit3w@tamu.edu
142,Cassandra,Cerith,ccerith3x@seattletimes.com
143,Jaymie,Slatten,jslatten3y@digg.com
144,Margaux,Stute,mstute3z@google.it
145,Cirillo,Sagar,csagar40@who.int
146,Curry,Biscomb,cbiscomb41@flavors.me
147,Rufe,Milliken,rmilliken42@nymag.com
148,Analise,Lowdeane,alowdeane43@networksolutions.com
149,Ramona,Hindenburg,rhindenburg44@angelfire.com
150,Gena,Dobbie,gdobbie45@instagram.com
151,Madelaine,Gladwell,mgladwell46@oracle.com
152,Fairfax,Milson,fmilson47@ihg.com
153,Maritsa,Hiers,mhiers48@flavors.me
154,Corissa,Capron,ccapron49@t.co
155,Sansone,Caddie,scaddie4a@naver.com
156,Codie,Yurov,cyurov4b@sun.com
157,Babs,Spinks,bspinks4c@time.com
158,Costa,Kramer,ckramer4d@squarespace.com
159,Sybil,Hryniewicz,shryniewicz4e@auda.org.au
160,Ches,Schapero,cschapero4f@theguardian.com
161,Cornie,Luxen,cluxen4g@xing.com
162,Laurie,Ends,lends4h@go.com
163,Phil,Worling,pworling4i@digg.com
164,Levy,Saich,lsaich4j@state.tx.us
165,Janella,Matushevich,jmatushevich4k@ox.ac.uk
166,Gerhardt,Seldner,gseldner4l@umn.edu
167,Jazmin,Frany,jfrany4m@liveinternet.ru
168,Helaine,Dilawey,hdilawey4n@bloglovin.com
169,Hagan,Jemison,hjemison4o@irs.gov
170,Teriann,Roust,troust4p@utexas.edu
171,Jesse,McCarlie,jmccarlie4q@timesonline.co.uk
172,Dredi,Stouther,dstouther4r@reverbnation.com
173,Jarrod,Brason,jbrason4s@sciencedaily.com
174,Bettina,Gerb,bgerb4t@huffingtonpost.com
175,Michail,Sollitt,msollitt4u@admin.ch
176,Liuka,Feathersby,lfeathersby4v@hexun.com
177,Thane,Jane,tjane4w@noaa.gov
178,Hyman,Fulep,hfulep4x@free.fr
179,Brandy,Wyard,bwyard4y@cargocollective.com
180,Corrianne,Blackney,cblackney4z@yellowbook.com
181,Brana,Karolowski,bkarolowski50@yolasite.com
182,Tarah,Haggeth,thaggeth51@homestead.com
183,Sean,Franklyn,sfranklyn52@bloglines.com
184,Shelba,Elfe,selfe53@infoseek.co.jp
185,Marna,Colleer,mcolleer54@hibu.com
186,Maisey,Kleine,mkleine55@wordpress.com
187,Cchaddie,Gronowe,cgronowe56@cbslocal.com
188,Melissa,Teggin,mteggin57@taobao.com
189,Cord,Luckman,cluckman58@slideshare.net
190,Delila,Rhodef,drhodef59@discuz.net
191,Kristi,Bark,kbark5a@dyndns.org
192,Cami,Junkinson,cjunkinson5b@xing.com
193,Brynne,Skull,bskull5c@tiny.cc
194,Parnell,Manwaring,pmanwaring5d@amazon.co.jp
195,June,Tomaszkiewicz,jtomaszkiewicz5e@army.mil
196,Lucina,Kencott,lkencott5f@issuu.com
197,Adrianna,Trustie,atrustie5g@instagram.com
198,Christy,Medler,cmedler5h@ucsd.edu
199,Colette,Hudspith,chudspith5i@mayoclinic.com
200,Udall,Jadczak,ujadczak5j@123-reg.co.uk
201,Duffy,Judge,djudge5k@eventbrite.com
202,Amye,Pic,apic5l@cbc.ca
203,Leonid,Bonicelli,lbonicelli5m@dropbox.com
204,Norene,Platfoot,nplatfoot5n@csmonitor.com
205,Erick,Brandon,ebrandon5o@un.org
206,Jard,Whichelow,jwhichelow5p@vkontakte.ru
207,Levon,Fortescue,lfortescue5q@surveymonkey.com
208,Sheelagh,Kerner,skerner5r@ebay.com
209,Rhoda,Sabatini,rsabatini5s@digg.com
210,Robbin,Whipp,rwhipp5t@wisc.edu
211,Tana,Daniello,tdaniello5u@ibm.com
212,Rivalee,Brambell,rbrambell5v@un.org
213,Wells,Yakovich,wyakovich5w@mysql.com
214,Sampson,Shervil,sshervil5x@salon.com
215,Melly,Rolston,mrolston5y@toplist.cz
216,Guillermo,Strewthers,gstrewthers5z@dot.gov
217,Evelyn,Full,efull60@bandcamp.com
218,Rozamond,Plaskett,rplaskett61@lulu.com
219,Pall,Champniss,pchampniss62@mashable.com
220,Boothe,Jecks,bjecks63@who.int
221,Jorey,Ferreres,jferreres64@nyu.edu
222,Adrian,Kacheller,akacheller65@hc360.com
223,Fancy,Doram,fdoram66@dmoz.org
224,Sheridan,Flute,sflute67@tinypic.com
225,Fairleigh,Moar,fmoar68@fema.gov
226,Khalil,Huller,khuller69@independent.co.uk
227,Daveen,Doxsey,ddoxsey6a@dedecms.com
228,Saree,Robertet,srobertet6b@forbes.com
229,Tabby,Duffell,tduffell6c@sun.com
230,Coop,Kensall,ckensall6d@acquirethisname.com
231,Paddy,Brudenell,pbrudenell6e@clickbank.net
232,Sandy,Sherel,ssherel6f@hexun.com
233,Niven,Moresby,nmoresby6g@360.cn
234,Darby,Gowan,dgowan6h@who.int
235,Husein,Normington,hnormington6i@census.gov
236,Curtis,Clutram,cclutram6j@xrea.com
237,Kendre,Weild,kweild6k@last.fm
238,Jerrold,Gethins,jgethins6l@newyorker.com
239,Rikki,Deluze,rdeluze6m@surveymonkey.com
240,Carlene,Eisig,ceisig6n@godaddy.com
241,Felisha,Dobbin,fdobbin6o@twitter.com
242,Lucie,Myott,lmyott6p@shareasale.com
243,Blane,Hazzard,bhazzard6q@wordpress.org
244,Jerrilee,Mustarde,jmustarde6r@earthlink.net
245,Hazel,Jerschke,hjerschke6s@4shared.com
246,Kimbell,Ackrill,kackrill6t@mozilla.com
247,Mureil,Sievewright,msievewright6u@devhub.com
248,Peter,Lineen,plineen6v@pbs.org
249,Estevan,Cushelly,ecushelly6w@cargocollective.com
250,Gerladina,Reggler,greggler6x@unesco.org
251,Jolie,Doumerque,jdoumerque6y@icq.com
252,Sibby,Gerring,sgerring6z@scientificamerican.com
253,Hannie,Billborough,hbillborough70@php.net
254,Cicely,Jukes,cjukes71@live.com
255,Row,Dannell,rdannell72@geocities.com
256,Blondy,Carnoghan,bcarnoghan73@youtube.com
257,Alyson,Daice,adaice74@reference.com
258,Shae,Goldstein,sgoldstein75@accuweather.com
259,Sheelah,Thurstance,sthurstance76@elpais.com
260,Eda,Mitchenson,emitchenson77@booking.com
261,Daren,Selvey,dselvey78@businessinsider.com
262,Tonye,Leynton,tleynton79@shutterfly.com
263,Verla,Jachimak,vjachimak7a@unesco.org
264,Kristofor,Stillgoe,kstillgoe7b@businesswire.com
265,Glori,Mustin,gmustin7c@csmonitor.com
266,Saunder,Scarsbrick,sscarsbrick7d@addtoany.com
267,Bevin,Weavill,bweavill7e@creativecommons.org
268,Ty,Chillingsworth,tchillingsworth7f@businessinsider.com
269,Ingeberg,Eadmeads,ieadmeads7g@addthis.com
270,Willem,Simner,wsimner7h@istockphoto.com
271,Mathilda,Dilawey,mdilawey7i@shutterfly.com
272,Ollie,Aireton,oaireton7j@godaddy.com
273,Northrop,Ganforthe,nganforthe7k@jimdo.com
274,Curr,McKeaveney,cmckeaveney7l@time.com
275,Rosmunda,Wightman,rwightman7m@dell.com
276,Parke,Fenkel,pfenkel7n@howstuffworks.com
277,Arte,Preshaw,apreshaw7o@hugedomains.com
278,Sherwood,Heinicke,sheinicke7p@jalbum.net
279,Pete,Castelow,pcastelow7q@yandex.ru
280,Yoshiko,Darth,ydarth7r@simplemachines.org
281,Laird,Clingoe,lclingoe7s@histats.com
282,Kellen,Kynastone,kkynastone7t@sciencedaily.com
283,Tandi,Covendon,tcovendon7u@china.com.cn
284,Zachery,Brierley,zbrierley7v@arizona.edu
285,Godfry,Kilcullen,gkilcullen7w@technorati.com
286,Dev,Grasner,dgrasner7x@usnews.com
287,Dave,Sansun,dsansun7y@privacy.gov.au
288,Rey,Eakle,reakle7z@thetimes.co.uk
289,Dimitri,Caldes,dcaldes80@merriam-webster.com
290,Marj,Cundey,mcundey81@ifeng.com
291,Elsbeth,Bruntjen,ebruntjen82@eepurl.com
292,Thorndike,Dowears,tdowears83@youtu.be
293,Ted,Jobern,tjobern84@miitbeian.gov.cn
294,Bondy,Nern,bnern85@europa.eu
295,Denny,Hesey,dhesey86@zimbio.com
296,York,Trafford,ytrafford87@sfgate.com
297,Eric,Toxell,etoxell88@washington.edu
298,Seth,O'Hengerty,sohengerty89@chron.com
299,Agnola,Lenden,alenden8a@github.com
300,Gipsy,Ege,gege8b@instagram.com
301,Crosby,Potticary,cpotticary8c@vimeo.com
302,Georg,Fenemore,gfenemore8d@nymag.com
303,Parke,Alelsandrovich,palelsandrovich8e@soup.io
304,Aurthur,Chatburn,achatburn8f@pbs.org
305,Domingo,Burford,dburford8g@tuttocitta.it
306,Scarface,Dyte,sdyte8h@soundcloud.com
307,Tierney,Zottoli,tzottoli8i@sphinn.com
308,Annaliese,Caddell,acaddell8j@posterous.com
309,Karlotta,Targett,ktargett8k@sphinn.com
310,Lu,Duffyn,lduffyn8l@gmpg.org
311,Adams,Ferenczy,aferenczy8m@ebay.co.uk
312,Brok,Bagniuk,bbagniuk8n@gnu.org
313,Noam,Phippen,nphippen8o@hubpages.com
314,Shelia,Mosson,smosson8p@irs.gov
315,Tammi,Bofield,tbofield8q@mashable.com
316,Drugi,Keitley,dkeitley8r@ezinearticles.com
317,Stafford,Cobb,scobb8s@house.gov
318,Jonis,Trethowan,jtrethowan8t@sogou.com
319,Ragnar,Chell,rchell8u@walmart.com
320,Brett,Pavey,bpavey8v@weather.com
321,Berkly,Adamik,badamik8w@harvard.edu
322,Currie,Franek,cfranek8x@walmart.com
323,Phebe,Turri,pturri8y@wikipedia.org
324,Agnes,MacGillavery,amacgillavery8z@cnet.com
325,Stephan,Menendes,smenendes90@qq.com
326,Eloise,Starbucke,estarbucke91@cafepress.com
327,Carleton,King,cking92@ameblo.jp
328,Clyve,Ritchman,critchman93@clickbank.net
329,Innis,Lawleff,ilawleff94@google.com.hk
330,Brockie,Seldner,bseldner95@last.fm
331,Vera,Sellor,vsellor96@yale.edu
332,Mona,Bothie,mbothie97@vk.com
333,Benny,Brigstock,bbrigstock98@skyrock.com
334,Fons,Lewsie,flewsie99@amazon.co.uk
335,Wyatan,Hadden,whadden9a@mozilla.com
336,Martin,Rounding,mrounding9b@delicious.com
337,Morgan,Weldon,mweldon9c@ed.gov
338,Victor,Terran,vterran9d@facebook.com
339,Clementia,Besantie,cbesantie9e@ehow.com
340,Huberto,Blastock,hblastock9f@canalblog.com
341,Shaughn,Morena,smorena9g@ftc.gov
342,Trista,O'Hagan,tohagan9h@archive.org
343,Luise,McGoldrick,lmcgoldrick9i@google.com.hk
344,Mathian,Asmus,masmus9j@alibaba.com
345,Jeth,Hulke,jhulke9k@booking.com
346,Sterne,Downage,sdownage9l@vimeo.com
347,Else,Manus,emanus9m@aol.com
348,Bessy,Ridpath,bridpath9n@cnet.com
349,Daron,Quadri,dquadri9o@usgs.gov
350,Ara,Sigward,asigward9p@squarespace.com
351,Georgianna,Poulett,gpoulett9q@oracle.com
352,Roch,Dudbridge,rdudbridge9r@yellowpages.com
353,Tynan,Welton,twelton9s@independent.co.uk
354,Noella,Baylie,nbaylie9t@geocities.com
355,Clementina,Jealous,cjealous9u@marketwatch.com
356,Jeane,Sanford,jsanford9v@ox.ac.uk
357,Bram,Sivewright,bsivewright9w@deliciousdays.com
358,Zonda,Portis,zportis9x@hexun.com
359,Rabbi,Gellately,rgellately9y@elpais.com
360,Ronny,Spiniello,rspiniello9z@example.com
361,Lucas,Zeplin,lzeplina0@smh.com.au
362,Elmer,McMillan,emcmillana1@multiply.com
363,Petey,Seiter,pseitera2@geocities.com
364,Odette,Sofe,osofea3@forbes.com
365,Gordie,Rubenfeld,grubenfelda4@hao123.com
366,Kendra,Klementz,kklementza5@businesswire.com
367,Wit,Pickles,wpicklesa6@goodreads.com
368,Darda,Burborough,dburborougha7@gravatar.com
369,Darby,Collinge,dcollingea8@technorati.com
370,Saba,Bonas,sbonasa9@illinois.edu
371,Bradley,Moreland,bmorelandaa@craigslist.org
372,Manolo,Grasser,mgrasserab@indiatimes.com
373,Zarla,Bouchard,zbouchardac@discovery.com
374,Forest,Fenck,ffenckad@census.gov
375,Hayley,Rape,hrapeae@people.com.cn
376,Aldric,Bernette,abernetteaf@uol.com.br
377,Vivian,Seville,vsevilleag@xrea.com
378,Jojo,Philliskirk,jphilliskirkah@gnu.org
379,Morty,Woodroff,mwoodroffai@ihg.com
380,Henrie,Fairbeard,hfairbeardaj@imdb.com
381,Nial,Ferreras,nferrerasak@spiegel.de
382,Elianora,Ensley,eensleyal@bandcamp.com
383,Billie,Howlett,bhowlettam@state.gov
384,Crichton,Kill,ckillan@jugem.jp
385,Lucais,Figgures,lfigguresao@linkedin.com
386,Ollie,Ranyelld,oranyelldap@noaa.gov
387,Joyan,Wichard,jwichardaq@reverbnation.com
388,Amalita,Plessing,aplessingar@themeforest.net
389,Mercedes,Scrimshire,mscrimshireas@netscape.com
390,Natalina,Tevelov,ntevelovat@goo.ne.jp
391,Carlen,O' Dornan,codornanau@patch.com
392,Esme,Winsley,ewinsleyav@nps.gov
393,Marieann,Sproule,msprouleaw@princeton.edu
394,Johna,Ace,jaceax@odnoklassniki.ru
395,Page,Yarrall,pyarrallay@pagesperso-orange.fr
396,Merci,Romayn,mromaynaz@hhs.gov
397,Estrella,Willas,ewillasb0@engadget.com
398,Carrol,de'-Ancy Willis,cdeancywillisb1@japanpost.jp
399,Filip,Adger,fadgerb2@eventbrite.com
400,Yolande,Morales,ymoralesb3@smugmug.com
401,Winslow,Sackey,wsackeyb4@reuters.com
402,Sib,Schruyer,sschruyerb5@comcast.net
403,Burlie,Rapelli,brapellib6@cafepress.com
404,Haven,O'Loughlin,holoughlinb7@mit.edu
405,Ward,Withnall,wwithnallb8@bbb.org
406,Orion,Pietrowski,opietrowskib9@xinhuanet.com
407,June,Mottershead,jmottersheadba@nbcnews.com
408,Grannie,Grimme,ggrimmebb@yandex.ru
409,Francisca,Connop,fconnopbc@amazonaws.com
410,Faye,Goodbur,fgoodburbd@ifeng.com
411,Minor,Baccas,mbaccasbe@comsenz.com
412,Glyn,Tolerton,gtolertonbf@time.com
413,Linet,Virgoe,lvirgoebg@mayoclinic.com
414,Archie,Essex,aessexbh@plala.or.jp
415,Anthe,Plank,aplankbi@blogs.com
416,Dorelle,Blondelle,dblondellebj@ask.com
417,Sibby,Piell,spiellbk@princeton.edu
418,Alla,Boice,aboicebl@taobao.com
419,Mal,Kayley,mkayleybm@goo.ne.jp
420,Linea,Netting,lnettingbn@nytimes.com
421,Helen,Deakan,hdeakanbo@hud.gov
422,Filmer,Helsdon,fhelsdonbp@latimes.com
423,Sandi,Callender,scallenderbq@usgs.gov
424,Rosalyn,Mawer,rmawerbr@1und1.de
425,Annmarie,Maslen,amaslenbs@tripod.com
426,Matthaeus,Allon,mallonbt@newsvine.com
427,Giffard,Crumb,gcrumbbu@jiathis.com
428,Karola,Trimming,ktrimmingbv@tiny.cc
429,Teena,Mayfield,tmayfieldbw@youtube.com
430,Wenda,Lansbury,wlansburybx@howstuffworks.com
431,Anabella,Nibloe,anibloeby@studiopress.com
432,Sergei,Yushkov,syushkovbz@weebly.com
433,Lu,Pepi,lpepic0@wufoo.com
434,Sharla,Shuttle,sshuttlec1@reference.com
435,Roman,Raycroft,rraycroftc2@studiopress.com
436,Yvon,Derrington,yderringtonc3@usa.gov
437,Ernestus,Reason,ereasonc4@newyorker.com
438,Mechelle,Etchells,metchellsc5@nyu.edu
439,Melinda,Sacchetti,msacchettic6@macromedia.com
440,Annecorinne,Foulkes,afoulkesc7@photobucket.com
441,Nananne,Haughian,nhaughianc8@virginia.edu
442,Dorey,Valentinuzzi,dvalentinuzzic9@cdbaby.com
443,Brier,Tasseler,btasselerca@archive.org
444,Nickie,Redding,nreddingcb@t-online.de
445,Arlan,Durkin,adurkincc@netlog.com
446,Cinderella,Dettmar,cdettmarcd@instagram.com
447,Joey,Gatesman,jgatesmance@mail.ru
448,Wynnie,Netherclift,wnethercliftcf@addthis.com
449,Mildred,Ansill,mansillcg@yelp.com
450,Athena,Fedoronko,afedoronkoch@fda.gov
451,Gypsy,Bausor,gbausorci@hc360.com
452,Feodor,O' Hanvey,fohanveycj@cam.ac.uk
453,Barry,Brotherhed,bbrotherhedck@alibaba.com
454,Margeaux,Antonomolii,mantonomoliicl@addtoany.com
455,Lanni,Backshell,lbackshellcm@gizmodo.com
456,Leo,Gisburne,lgisburnecn@engadget.com
457,Karlotte,Venning,kvenningco@disqus.com
458,Carly,Adrianello,cadrianellocp@unblog.fr
459,Hewe,Meese,hmeesecq@irs.gov
460,Bonnibelle,Stapylton,bstapyltoncr@artisteer.com
461,Karleen,Fumagallo,kfumagallocs@live.com
462,Dwain,Lebarree,dlebarreect@un.org
463,Richard,Dominec,rdomineccu@reference.com
464,Lothaire,Braidwood,lbraidwoodcv@xrea.com
465,Audre,Kernaghan,akernaghancw@mail.ru
466,Renaldo,Garmston,rgarmstoncx@mozilla.org
467,Kev,Crux,kcruxcy@furl.net
468,Michael,Brookbank,mbrookbankcz@zdnet.com
469,Dorice,Talton,dtaltond0@rakuten.co.jp
470,Levy,Gregoretti,lgregorettid1@fc2.com
471,Tuckie,Scannell,tscannelld2@t-online.de
472,Tadio,Longbothom,tlongbothomd3@sogou.com
473,Staford,Ayree,sayreed4@aol.com
474,Frazer,Aveline,favelined5@over-blog.com
475,Kara-lynn,Dyson,kdysond6@1und1.de
476,Delcine,Hakonsson,dhakonssond7@bloomberg.com
477,Tiphani,Obispo,tobispod8@g.co
478,Alberik,Whatling,awhatlingd9@networksolutions.com
479,Jedidiah,Haszard,jhaszardda@mozilla.com
480,Simon,Skingle,sskingledb@over-blog.com
481,Cos,Markwell,cmarkwelldc@delicious.com
482,Thorn,Luberto,tlubertodd@cnn.com
483,Fields,Le Merchant,flemerchantde@fema.gov
484,Marsh,Bortol,mbortoldf@networksolutions.com
485,Melisa,Vala,mvaladg@4shared.com
486,Packston,Trendle,ptrendledh@google.com.hk
487,Isacco,Whatford,iwhatforddi@who.int
488,Yulma,Poulson,ypoulsondj@wiley.com
489,Mariejeanne,Semkins,msemkinsdk@fastcompany.com
490,Michaelina,Ribchester,mribchesterdl@soup.io
491,Diannne,Jimeno,djimenodm@tripadvisor.com
492,Willow,Dossetter,wdossetterdn@privacy.gov.au
493,Germain,Rundle,grundledo@mediafire.com
494,Robbie,Trotton,rtrottondp@liveinternet.ru
495,Ernestus,Prosser,eprosserdq@cnbc.com
496,Marc,Archibold,marchibolddr@businessinsider.com
497,Patience,Pellew,ppellewds@google.com.hk
498,Farrand,Royden,froydendt@businesswire.com
499,Derick,Riddlesden,driddlesdendu@home.pl
500,Noami,Garfit,ngarfitdv@mac.com
501,Camila,Menilove,cmenilovedw@dot.gov
502,Carie,Grigoryev,cgrigoryevdx@shareasale.com
503,Chrystal,Bestar,cbestardy@salon.com
504,Debera,Batterbee,dbatterbeedz@kickstarter.com
505,Melva,Kynastone,mkynastonee0@globo.com
506,Cosette,Ricciardo,cricciardoe1@aol.com
507,Lenore,Huller,lhullere2@ft.com
508,Waly,Enterlein,wenterleine3@mlb.com
509,Foss,Remmer,fremmere4@cafepress.com
510,Jamil,Robyns,jrobynse5@jugem.jp
511,Annnora,Waghorn,awaghorne6@springer.com
512,Cybil,Wason,cwasone7@fc2.com
513,Beltran,Kull,bkulle8@friendfeed.com
514,Westbrook,Shotbolt,wshotbolte9@wired.com
515,Sumner,Atmore,satmoreea@redcross.org
516,Jeannine,MacKim,jmackimeb@example.com
517,Ermanno,Kilbourne,ekilbourneec@cnn.com
518,Ondrea,Hendriks,ohendriksed@whitehouse.gov
519,Teddy,Suerz,tsuerzee@time.com
520,Earvin,Brewett,ebrewettef@home.pl
521,Iorgo,O' Kelleher,iokellehereg@cnbc.com
522,Gris,Whitebread,gwhitebreadeh@dmoz.org
523,Storm,Sperling,ssperlingei@blogger.com
524,Guinna,Tedman,gtedmanej@soup.io
525,Karen,Lippard,klippardek@mapquest.com
526,Gussi,Thacke,gthackeel@php.net
527,Florenza,Underhill,funderhillem@dropbox.com
528,Pauline,Stichall,pstichallen@odnoklassniki.ru
529,Kean,Silbert,ksilberteo@shop-pro.jp
530,Clair,Flegg,cfleggep@wikipedia.org
531,Adrian,Elacoate,aelacoateeq@omniture.com
532,De witt,Debow,ddebower@toplist.cz
533,Felice,Carrell,fcarrelles@apple.com
534,Blondie,Verdun,bverdunet@fastcompany.com
535,Barnard,McIntosh,bmcintosheu@about.com
536,Harlie,Kernaghan,hkernaghanev@craigslist.org
537,Faith,Tree,ftreeew@parallels.com
538,Erica,Abell,eabellex@sakura.ne.jp
539,Meg,Farrar,mfarrarey@washington.edu
540,Gerry,Wales,gwalesez@lulu.com
541,Brocky,Scholtis,bscholtisf0@clickbank.net
542,Evita,Farnworth,efarnworthf1@is.gd
543,Dex,Jelleman,djellemanf2@businessinsider.com
544,Gibbie,Piperley,gpiperleyf3@fotki.com
545,Fletch,Gregorace,fgregoracef4@mail.ru
546,Jordana,Cortin,jcortinf5@blogs.com
547,Bondon,Quick,bquickf6@flickr.com
548,Arthur,Seeler,aseelerf7@icio.us
549,Timmy,Simms,tsimmsf8@wikimedia.org
550,Morgan,Symson,msymsonf9@hostgator.com
551,Nikaniki,Maletratt,nmaletrattfa@nbcnews.com
552,Priscilla,Rospars,prosparsfb@chron.com
553,Weylin,Batting,wbattingfc@bluehost.com
554,Stavro,Caldroni,scaldronifd@acquirethisname.com
555,Aidan,Happel,ahappelfe@spotify.com
556,Barbra,Yelden,byeldenff@multiply.com
557,Shaina,Grishin,sgrishinfg@dailymotion.com
558,Lisetta,Senner,lsennerfh@cbc.ca
559,Reinhold,Broad,rbroadfi@gov.uk
560,Aviva,Sokale,asokalefj@edublogs.org
561,Rossy,Zanetello,rzanetellofk@is.gd
562,Drake,Lavalle,dlavallefl@dion.ne.jp
563,Crysta,Demko,cdemkofm@google.co.jp
564,Cherry,Favel,cfavelfn@blogger.com
565,Karena,Tuffley,ktuffleyfo@mapy.cz
566,Brena,Sebert,bsebertfp@storify.com
567,Carole,Merriott,cmerriottfq@posterous.com
568,Mannie,Ibbison,mibbisonfr@forbes.com
569,Sioux,Artis,sartisfs@dagondesign.com
570,Araldo,Carefull,acarefullft@bloglovin.com
571,Koressa,Leacy,kleacyfu@reference.com
572,Ram,Croley,rcroleyfv@narod.ru
573,Roxie,Sailor,rsailorfw@youtu.be
574,Jeanelle,Pinniger,jpinnigerfx@youtu.be
575,Cornelia,Mathely,cmathelyfy@shop-pro.jp
576,Pamelina,Kendrew,pkendrewfz@ebay.com
577,Katherine,Dinsey,kdinseyg0@cbc.ca
578,Maureen,Moneypenny,mmoneypennyg1@fema.gov
579,Nat,Rosgen,nrosgeng2@sogou.com
580,Faydra,Jeskins,fjeskinsg3@independent.co.uk
581,Garrek,Otteridge,gotteridgeg4@businessweek.com
582,Carmelia,Kintzel,ckintzelg5@4shared.com
583,Alexandre,Tunniclisse,atunniclisseg6@moonfruit.com
584,Lyn,Kilner,lkilnerg7@thetimes.co.uk
585,Ev,Fishby,efishbyg8@i2i.jp
586,Jillane,Childs,jchildsg9@ucoz.com
587,Wilburt,Pott,wpottga@com.com
588,Kipp,Halloran,khallorangb@usda.gov
589,Juli,Screwton,jscrewtongc@sitemeter.com
590,Josepha,Mathwen,jmathwengd@mit.edu
591,Jordanna,Palphramand,jpalphramandge@zimbio.com
592,Leonie,Brixey,lbrixeygf@nps.gov
593,Drake,Challiner,dchallinergg@sourceforge.net
594,Denys,Jiras,djirasgh@buzzfeed.com
595,Kitty,MacCourt,kmaccourtgi@virginia.edu
596,Erhard,Shapero,eshaperogj@usnews.com
597,Cilka,Milberry,cmilberrygk@tiny.cc
598,Arleyne,Tabner,atabnergl@barnesandnoble.com
599,Edvard,Sotham,esothamgm@skype.com
600,Ambrosius,Gillise,agillisegn@forbes.com
601,Elwin,Aleswell,ealeswellgo@guardian.co.uk
602,Arabele,Noone,anoonegp@gov.uk
603,Mikkel,Roggers,mroggersgq@cargocollective.com
604,Maribelle,Colquite,mcolquitegr@mapquest.com
605,Ashby,Honisch,ahonischgs@comcast.net
606,Hasheem,Abdie,habdiegt@noaa.gov
607,Indira,Dennis,idennisgu@liveinternet.ru
608,Stefano,Behne,sbehnegv@cdc.gov
609,Henryetta,Ibel,hibelgw@360.cn
610,Harwell,Bernollet,hbernolletgx@cornell.edu
611,Penelopa,Doughtery,pdoughterygy@noaa.gov
612,Fitz,Beevis,fbeevisgz@freewebs.com
613,Dulsea,Rives,drivesh0@cbc.ca
614,Clive,Marciek,cmarciekh1@disqus.com
615,Delphine,Espinos,despinosh2@slashdot.org
616,Grenville,Mabe,gmabeh3@cyberchimps.com
617,Danya,Slatcher,dslatcherh4@cisco.com
618,Maxie,Dederick,mdederickh5@freewebs.com
619,Shelby,Ouldcott,souldcotth6@over-blog.com
620,Florida,Bilham,fbilhamh7@telegraph.co.uk
621,Spike,Liversedge,sliversedgeh8@histats.com
622,Boot,Newarte,bnewarteh9@ifeng.com
623,Vilhelmina,Knobell,vknobellha@forbes.com
624,Fey,Chaman,fchamanhb@craigslist.org
625,Luz,Lockney,llockneyhc@vk.com
626,Noby,Windley,nwindleyhd@canalblog.com
627,Pippo,Beard,pbeardhe@hatena.ne.jp
628,Lorrayne,Roseblade,lrosebladehf@addtoany.com
629,Gerty,Yakuntsov,gyakuntsovhg@simplemachines.org
630,Patricio,Louisot,plouisothh@tripadvisor.com
631,Adelle,Flattman,aflattmanhi@wunderground.com
632,Calhoun,Biss,cbisshj@state.tx.us
633,Guy,Wanklyn,gwanklynhk@networkadvertising.org
634,Karlyn,Orknay,korknayhl@umn.edu
635,Blaine,Castagna,bcastagnahm@shutterfly.com
636,Pauly,Vlasyuk,pvlasyukhn@tmall.com
637,Jon,Applegate,japplegateho@tamu.edu
638,Elston,O'Dowgaine,eodowgainehp@examiner.com
639,Chrysa,I'anson,ciansonhq@irs.gov
640,Stefan,Marns,smarnshr@jiathis.com
641,Luise,Eliasson,leliassonhs@networksolutions.com
642,Hadlee,Dimbleby,hdimblebyht@gizmodo.com
643,Mavis,Papachristophorou,mpapachristophorouhu@jugem.jp
644,April,Disbrow,adisbrowhv@marketwatch.com
645,Neda,Hanscombe,nhanscombehw@infoseek.co.jp
646,Katharyn,Lowres,klowreshx@psu.edu
647,Rocky,Bonson,rbonsonhy@uiuc.edu
648,Muffin,Sleany,msleanyhz@usgs.gov
649,Maurie,Drei,mdreii0@pagesperso-orange.fr
650,Keene,Tripony,ktriponyi1@merriam-webster.com
651,Levin,Fussie,lfussiei2@smugmug.com
652,Miran,Pharrow,mpharrowi3@bizjournals.com
653,Casandra,Conradie,cconradiei4@xrea.com
654,Johnathon,Edington,jedingtoni5@admin.ch
655,Lesly,Ziem,lziemi6@gmpg.org
656,Mora,Hyman,mhymani7@technorati.com
657,Berrie,Gatfield,bgatfieldi8@flickr.com
658,Desdemona,Blenkhorn,dblenkhorni9@fc2.com
659,Melany,Lafaye,mlafayeia@jalbum.net
660,Jilli,Kaley,jkaleyib@skype.com
661,Allsun,Hurtic,ahurticic@elpais.com
662,Timoteo,Winterborne,twinterborneid@microsoft.com
663,Judd,Wenderott,jwenderottie@wikia.com
664,Ernesto,Brucker,ebruckerif@dedecms.com
665,Tallia,Schonfelder,tschonfelderig@example.com
666,Charlotte,Gerhold,cgerholdih@meetup.com
667,Cissiee,Deans,cdeansii@google.cn
668,Cameron,Seaton,cseatonij@adobe.com
669,Hilarius,Newlove,hnewloveik@is.gd
670,Golda,McGraffin,gmcgraffinil@mozilla.org
671,Consuelo,Draysay,cdraysayim@reuters.com
672,Phylis,Cleevely,pcleevelyin@naver.com
673,Gennifer,Deeth,gdeethio@epa.gov
674,Sig,Tute,stuteip@aol.com
675,Chris,Wiltshire,cwiltshireiq@storify.com
676,Ike,Guilloton,iguillotonir@themeforest.net
677,Farand,Pittendreigh,fpittendreighis@usa.gov
678,Marcille,Keith,mkeithit@tmall.com
679,Naoma,Grestie,ngrestieiu@baidu.com
680,Erskine,Bozward,ebozwardiv@cocolog-nifty.com
681,Vivianna,Lockery,vlockeryiw@examiner.com
682,Walt,Cockburn,wcockburnix@zimbio.com
683,Rhea,Whelband,rwhelbandiy@twitter.com
684,Prudence,Scripture,pscriptureiz@xrea.com
685,Chanda,Craker,ccrakerj0@bloglovin.com
686,Aura,Lipson,alipsonj1@sciencedaily.com
687,Fred,Starbuck,fstarbuckj2@oakley.com
688,Wash,Billing,wbillingj3@lycos.com
689,Sholom,Danson,sdansonj4@disqus.com
690,Ody,Faichnie,ofaichniej5@histats.com
691,Lamar,McCrillis,lmccrillisj6@engadget.com
692,Ashley,Fensome,afensomej7@deliciousdays.com
693,Mari,Borgars,mborgarsj8@ft.com
694,Jasmina,Wilman,jwilmanj9@engadget.com
695,Trip,Bunclark,tbunclarkja@nasa.gov
696,Mario,Bowton,mbowtonjb@google.pl
697,Gray,Lapley,glapleyjc@fema.gov
698,Anstice,Alves,aalvesjd@hud.gov
699,Rurik,Vaughan,rvaughanje@jimdo.com
700,Orson,Tink,otinkjf@gravatar.com
701,Sarge,Gunby,sgunbyjg@army.mil
702,Barny,Hinckesman,bhinckesmanjh@foxnews.com
703,Rutherford,Stitch,rstitchji@netvibes.com
704,Jeanna,Spoors,jspoorsjj@mapy.cz
705,Joann,Burde,jburdejk@woothemes.com
706,Fayre,Metcalfe,fmetcalfejl@paypal.com
707,Cointon,Canadine,ccanadinejm@jiathis.com
708,Shem,Brasher,sbrasherjn@github.com
709,Alie,Gergher,agergherjo@bing.com
710,Lilian,Alphege,lalphegejp@ow.ly
711,Sherwynd,Windebank,swindebankjq@intel.com
712,Tannie,Wenger,twengerjr@trellian.com
713,Phedra,Nabarro,pnabarrojs@admin.ch
714,Amelia,Coytes,acoytesjt@state.gov
715,Doll,Emma,demmaju@bloglines.com
716,Alfie,Helling,ahellingjv@behance.net
717,Bronny,O'Cullen,bocullenjw@dailymotion.com
718,Molli,Castelletti,mcastellettijx@webs.com
719,Keefer,Toffanini,ktoffaninijy@histats.com
720,Issy,Randles,irandlesjz@baidu.com
721,Cross,Sanches,csanchesk0@eepurl.com
722,Ozzie,Partner,opartnerk1@amazonaws.com
723,Colet,Foat,cfoatk2@mail.ru
724,Barby,Eles,belesk3@wp.com
725,Robina,Snowsill,rsnowsillk4@twitpic.com
726,Heall,Danton,hdantonk5@ebay.com
727,Giacopo,Bachelor,gbachelork6@samsung.com
728,Heath,Sussems,hsussemsk7@amazon.com
729,Carlota,Knighton,cknightonk8@nhs.uk
730,Keri,Reinbech,kreinbechk9@dmoz.org
731,Roger,Huntly,rhuntlyka@prweb.com
732,Zed,Bellocht,zbellochtkb@instagram.com
733,Sondra,Bullick,sbullickkc@eventbrite.com
734,Bordy,Storrier,bstorrierkd@about.com
735,Chane,Plues,cplueske@sogou.com
736,Brooke,Ellerey,bellereykf@yellowpages.com
737,Ginnifer,Brack,gbrackkg@go.com
738,Milicent,Burnside,mburnsidekh@hexun.com
739,Taylor,Pacey,tpaceyki@ucla.edu
740,Diannne,Ballaam,dballaamkj@slashdot.org
741,Elwin,Worcs,eworcskk@slideshare.net
742,Mabelle,Madden,mmaddenkl@goo.gl
743,Dag,Jovasevic,djovasevickm@tmall.com
744,Dulce,Faithorn,dfaithornkn@illinois.edu
745,Rosette,Dominique,rdominiqueko@ovh.net
746,Linnea,Sparrowe,lsparrowekp@amazon.co.uk
747,Giffer,Fullick,gfullickkq@naver.com
748,Cathrin,Yoseloff,cyoseloffkr@reddit.com
749,Myra,Wanless,mwanlessks@4shared.com
750,Pattie,Titchener,ptitchenerkt@cloudflare.com
751,Nollie,Lippini,nlippiniku@vimeo.com
752,Kizzee,Rout,kroutkv@people.com.cn
753,Noelyn,Dignam,ndignamkw@hostgator.com
754,Kent,Kibby,kkibbykx@hud.gov
755,Micky,Pencott,mpencottky@slashdot.org
756,Yanaton,Ingre,yingrekz@state.gov
757,Tedman,Rojas,trojasl0@time.com
758,Amberly,Essel,aessell1@twitpic.com
759,Camala,O'Sullivan,cosullivanl2@jiathis.com
760,Roley,Domegan,rdomeganl3@woothemes.com
761,Silvanus,Rayne,sraynel4@hud.gov
762,Toinette,Ilyin,tilyinl5@princeton.edu
763,Stinky,Gossage,sgossagel6@linkedin.com
764,Roy,Sholl,rsholll7@java.com
765,Dean,Balogh,dbaloghl8@sourceforge.net
766,Pavlov,Pulver,ppulverl9@dell.com
767,Hans,Tondeur,htondeurla@google.com.br
768,Berkie,MacShane,bmacshanelb@tmall.com
769,Petra,Bartoszewski,pbartoszewskilc@chicagotribune.com
770,Jacobo,Grangier,jgrangierld@netvibes.com
771,Zeb,Yarrell,zyarrellle@hugedomains.com
772,Magdalena,Trowsdale,mtrowsdalelf@trellian.com
773,Allistir,Spoerl,aspoerllg@trellian.com
774,Desiree,Mcmanaman,dmcmanamanlh@simplemachines.org
775,Killian,Pickersgill,kpickersgillli@ovh.net
776,Ricki,Gillyett,rgillyettlj@cnet.com
777,Jerrilee,Agett,jagettlk@loc.gov
778,Sib,Maudett,smaudettll@barnesandnoble.com
779,Salli,Mahood,smahoodlm@state.tx.us
780,Craig,Hammerich,chammerichln@oakley.com
781,Rogerio,Goodlud,rgoodludlo@unesco.org
782,Patrizio,Postans,ppostanslp@github.com
783,Mirna,Sheppard,msheppardlq@w3.org
784,Marketa,Fife,mfifelr@ca.gov
785,Kirby,Cooney,kcooneyls@usgs.gov
786,Nanni,Vaadeland,nvaadelandlt@hugedomains.com
787,Janey,Karolewski,jkarolewskilu@msu.edu
788,Karmen,Redmain,kredmainlv@eventbrite.com
789,Nariko,Bogart,nbogartlw@un.org
790,Mac,Quilleash,mquilleashlx@weather.com
791,Bonita,Schutt,bschuttly@list-manage.com
792,Chane,Sanchis,csanchislz@blinklist.com
793,Tom,Gaskall,tgaskallm0@unblog.fr
794,Tanitansy,Rubinowicz,trubinowiczm1@twitter.com
795,Flo,Dittson,fdittsonm2@youtube.com
796,Keefe,Watkins,kwatkinsm3@altervista.org
797,Wain,Gallardo,wgallardom4@hubpages.com
798,Cristabel,Ebbings,cebbingsm5@techcrunch.com
799,Flin,McMichael,fmcmichaelm6@mapquest.com
800,Deina,Seacroft,dseacroftm7@livejournal.com
801,Loleta,Doughton,ldoughtonm8@csmonitor.com
802,Cristobal,Zimmermanns,czimmermannsm9@telegraph.co.uk
803,Kirsti,Wiltshaw,kwiltshawma@google.fr
804,Peta,Sallinger,psallingermb@nytimes.com
805,Aime,Eadon,aeadonmc@washington.edu
806,Jerrylee,Bonifant,jbonifantmd@google.de
807,Rriocard,Gowing,rgowingme@shop-pro.jp
808,Wini,Casbon,wcasbonmf@ezinearticles.com
809,Giffard,Gorman,ggormanmg@lulu.com
810,Sydel,Glyn,sglynmh@blogger.com
811,Rivalee,Sherington,rsheringtonmi@state.tx.us
812,Dian,Spenley,dspenleymj@flavors.me
813,Brigid,Greig,bgreigmk@tumblr.com
814,Cindi,Hilliam,chilliamml@storify.com
815,Rufe,Wyss,rwyssmm@gnu.org
816,Shina,Karpenko,skarpenkomn@about.com
817,Stanley,Kenefick,skenefickmo@xinhuanet.com
818,Drucie,Soreau,dsoreaump@sitemeter.com
819,Isa,Roadnight,iroadnightmq@nytimes.com
820,Ruprecht,Methingam,rmethingammr@globo.com
821,Kenna,Stollenberg,kstollenbergms@behance.net
822,Freemon,Tilling,ftillingmt@google.ca
823,Cletis,Mully,cmullymu@example.com
824,Archaimbaud,Huntriss,ahuntrissmv@nationalgeographic.com
825,Lowe,Sutehall,lsutehallmw@vk.com
826,Leonard,McCrorie,lmccroriemx@t.co
827,Emmy,Huyge,ehuygemy@apple.com
828,Giuditta,Higgonet,ghiggonetmz@qq.com
829,Stefanie,Borg-Bartolo,sborgbartolon0@reuters.com
830,Candis,Petrakov,cpetrakovn1@smugmug.com
831,Eric,Minard,eminardn2@stanford.edu
832,Kelcy,Edlyn,kedlynn3@1und1.de
833,Adham,Tabary,atabaryn4@ted.com
834,Jase,Froggatt,jfroggattn5@fotki.com
835,Kristin,Kiellor,kkiellorn6@sbwire.com
836,Aubert,Havik,ahavikn7@w3.org
837,Bo,Lidgate,blidgaten8@wufoo.com
838,Harv,Lardnar,hlardnarn9@oracle.com
839,Megen,Durban,mdurbanna@wired.com
840,Rina,Hansman,rhansmannb@salon.com
841,Sonny,Dodd,sdoddnc@springer.com
842,Bancroft,Liddon,bliddonnd@prweb.com
843,Leonard,Cattonnet,lcattonnetne@dyndns.org
844,Sonny,Kleszinski,skleszinskinf@google.fr
845,Becka,Dimitrie,bdimitrieng@naver.com
846,Clari,Antonov,cantonovnh@blogger.com
847,Marabel,Scoyne,mscoyneni@rambler.ru
848,Phebe,Maber,pmabernj@cornell.edu
849,Arlyn,Meneghi,ameneghink@miitbeian.gov.cn
850,Honey,Bradder,hbraddernl@wp.com
851,Erhart,Johl,ejohlnm@ocn.ne.jp
852,Derrick,Lorraine,dlorrainenn@apache.org
853,Sumner,Mulvy,smulvyno@ihg.com
854,Christal,Nystrom,cnystromnp@clickbank.net
855,Kalie,Janew,kjanewnq@flavors.me
856,Emilio,Wortman,ewortmannr@nps.gov
857,Angelico,Durnall,adurnallns@creativecommons.org
858,Alex,Seeviour,aseeviournt@dailymail.co.uk
859,Randi,Highnam,rhighnamnu@cnet.com
860,Morley,Morphew,mmorphewnv@dyndns.org
861,Shamus,O'Hagan,sohagannw@list-manage.com
862,Celestine,Karet,ckaretnx@columbia.edu
863,Tine,Gulland,tgullandny@ovh.net
864,Bearnard,Andren,bandrennz@wordpress.org
865,Clayton,Hearnshaw,chearnshawo0@booking.com
866,Roy,Angood,rangoodo1@blog.com
867,Berti,Jentet,bjenteto2@etsy.com
868,Chicky,Masden,cmasdeno3@example.com
869,Terence,Spurman,tspurmano4@wunderground.com
870,Constancia,Paddick,cpaddicko5@rakuten.co.jp
871,Rogerio,Elwel,relwelo6@nasa.gov
872,Willis,Grewe,wgreweo7@home.pl
873,Dolores,Cescot,dcescoto8@businessinsider.com
874,Ursula,Dabrowski,udabrowskio9@cdc.gov
875,Nannie,Overland,noverlandoa@yahoo.com
876,Fields,Catenot,fcatenotob@jalbum.net
877,Adolphe,Stolworthy,astolworthyoc@hc360.com
878,Lila,Lidbetter,llidbetterod@cbc.ca
879,Adelind,Onyon,aonyonoe@domainmarket.com
880,Manda,Marnes,mmarnesof@nymag.com
881,Deena,Kingsworth,dkingsworthog@si.edu
882,Emera,Jumonet,ejumonetoh@cbsnews.com
883,Cariotta,Annetts,cannettsoi@woothemes.com
884,Emalee,Lowey,eloweyoj@istockphoto.com
885,Ezri,Feaks,efeaksok@skyrock.com
886,Kay,Yuranovev,kyuranovevol@cisco.com
887,Rolland,Yekel,ryekelom@bizjournals.com
888,Adolph,Geri,agerion@census.gov
889,Mari,Glanz,mglanzoo@netlog.com
890,Yard,Pele,ypeleop@tripadvisor.com
891,Creight,Rushman,crushmanoq@shop-pro.jp
892,Bjorn,Ferrettino,bferrettinoor@vistaprint.com
893,Morgan,Fishlock,mfishlockos@wunderground.com
894,Hughie,Goodhew,hgoodhewot@newsvine.com
895,Phebe,Rendell,prendellou@unicef.org
896,Lind,Griston,lgristonov@cmu.edu
897,Margie,Schulz,mschulzow@angelfire.com
898,Rycca,Venn,rvennox@mayoclinic.com
899,Heriberto,Birtwistle,hbirtwistleoy@de.vu
900,Sanford,Livett,slivettoz@1und1.de
901,Chip,McCutheon,cmccutheonp0@a8.net
902,Natale,Gramer,ngramerp1@princeton.edu
903,Romola,Parrin,rparrinp2@studiopress.com
904,Eirena,McGaraghan,emcgaraghanp3@macromedia.com
905,Everett,Bulpitt,ebulpittp4@dion.ne.jp
906,Laureen,Grimwood,lgrimwoodp5@infoseek.co.jp
907,Sammy,Beceril,sbecerilp6@hc360.com
908,Desiri,Ben-Aharon,dbenaharonp7@trellian.com
909,Lucretia,Ruprecht,lruprechtp8@tamu.edu
910,Ericha,Puddifer,epuddiferp9@comcast.net
911,Geoff,Fiorentino,gfiorentinopa@upenn.edu
912,Hunfredo,Deegin,hdeeginpb@uiuc.edu
913,Fulvia,Leeder,fleederpc@berkeley.edu
914,Odelinda,Sturch,osturchpd@spotify.com
915,Lanita,Riches,lrichespe@marketwatch.com
916,Shelden,Chillcot,schillcotpf@amazon.de
917,Paulita,Wickardt,pwickardtpg@simplemachines.org
918,Chelsy,Basford,cbasfordph@nydailynews.com
919,Licha,Barrott,lbarrottpi@nsw.gov.au
920,Carmela,Horick,chorickpj@cocolog-nifty.com
921,Welsh,Twentyman,wtwentymanpk@accuweather.com
922,Filberto,Hatherell,fhatherellpl@last.fm
923,Barbabas,Emmins,bemminspm@weebly.com
924,Essie,Peer,epeerpn@ameblo.jp
925,Shaine,Flanner,sflannerpo@zdnet.com
926,Arly,Ellesworthe,aellesworthepp@dyndns.org
927,Ivan,Margrem,imargrempq@dedecms.com
928,Homerus,MacMorland,hmacmorlandpr@so-net.ne.jp
929,Ginnifer,Wheelan,gwheelanps@linkedin.com
930,Suki,Lead,sleadpt@cbc.ca
931,Falkner,Pagin,fpaginpu@wordpress.org
932,Elmira,Plester,eplesterpv@forbes.com
933,Alethea,Bowland,abowlandpw@google.ru
934,Bonita,Roswarn,broswarnpx@sitemeter.com
935,Steffi,Grayley,sgrayleypy@pcworld.com
936,Sam,Gittings,sgittingspz@springer.com
937,Beauregard,Creighton,bcreightonq0@princeton.edu
938,Norina,Coxon,ncoxonq1@about.me
939,Gabbie,Pahlsson,gpahlssonq2@youku.com
940,Helaina,Simonett,hsimonettq3@blog.com
941,Annabela,Tonge,atongeq4@digg.com
942,Everard,Prozillo,eprozilloq5@cam.ac.uk
943,Claudelle,Leeds,cleedsq6@multiply.com
944,Anson,Blumson,ablumsonq7@youtube.com
945,Samson,Summerlee,ssummerleeq8@umich.edu
946,Cathee,Seiler,cseilerq9@discuz.net
947,Inna,Alten,ialtenqa@so-net.ne.jp
948,Huntley,MacNeachtain,hmacneachtainqb@chron.com
949,Missy,Buckeridge,mbuckeridgeqc@cmu.edu
950,Dalt,Loncaster,dloncasterqd@cnn.com
951,Nessy,Hurt,nhurtqe@sitemeter.com
952,Vinnie,Jakeman,vjakemanqf@theguardian.com
953,Teddi,Wilcocks,twilcocksqg@fc2.com
954,Jodi,Brolly,jbrollyqh@cam.ac.uk
955,Vevay,Dur,vdurqi@guardian.co.uk
956,Maryjane,Rimington,mrimingtonqj@boston.com
957,Lisle,Bailes,lbailesqk@infoseek.co.jp
958,Pavel,Killingsworth,pkillingsworthql@cornell.edu
959,Zabrina,Bilton,zbiltonqm@fda.gov
960,Sioux,Vesty,svestyqn@bbc.co.uk
961,Daryle,Northeast,dnortheastqo@chicagotribune.com
962,Kirsteni,Ickovici,kickoviciqp@multiply.com
963,Damon,Pott,dpottqq@moonfruit.com
964,Eryn,Rase,eraseqr@networksolutions.com
965,Madelon,Routham,mrouthamqs@scientificamerican.com
966,Phaedra,McCoy,pmccoyqt@census.gov
967,Erminia,Kullmann,ekullmannqu@bbb.org
968,Ellary,Schade,eschadeqv@senate.gov
969,Bebe,Copestake,bcopestakeqw@globo.com
970,Pauly,Bayford,pbayfordqx@w3.org
971,Britteny,Endley,bendleyqy@cornell.edu
972,Ash,MacTerlagh,amacterlaghqz@soup.io
973,Tracee,Cowlas,tcowlasr0@youtu.be
974,Obediah,Karpinski,okarpinskir1@taobao.com
975,Kippie,Dumbare,kdumbarer2@people.com.cn
976,Clemente,Curdell,ccurdellr3@ted.com
977,Sauncho,Kamenar,skamenarr4@nasa.gov
978,Howie,Mulkerrins,hmulkerrinsr5@purevolume.com
979,Edouard,Riccard,ericcardr6@cam.ac.uk
980,Stormie,Megany,smeganyr7@vinaora.com
981,Israel,Phripp,iphrippr8@chronoengine.com
982,Fara,Fields,ffieldsr9@free.fr
983,Ramsay,O'Hoolahan,rohoolahanra@shareasale.com
984,Maitilde,Levinge,mlevingerb@yolasite.com
985,Marcella,Punchard,mpunchardrc@patch.com
986,Ida,Hardwidge,ihardwidgerd@people.com.cn
987,Marna,Pasby,mpasbyre@nih.gov
988,Osbourn,Jirik,ojirikrf@hibu.com
989,Andreas,Gillbanks,agillbanksrg@cpanel.net
990,Randolph,Damp,rdamprh@mapy.cz
991,Gregory,Hembrow,ghembrowri@reference.com
992,Christabella,Muckley,cmuckleyrj@sourceforge.net
993,Carlin,Stedell,cstedellrk@feedburner.com
994,Emmett,Joska,ejoskarl@ca.gov
995,Dorothee,Wissby,dwissbyrm@alibaba.com
996,Terrijo,Noakes,tnoakesrn@mtv.com
997,Hanny,Bebb,hbebbro@jiathis.com
998,Kathryne,Cords,kcordsrp@ning.com
999,Kriste,Padgett,kpadgettrq@icq.com
1000,Lorin,Karadzas,lkaradzasrr@marketwatch.com
